{"cameraMode":{"drawMode":0,"name":"Shaded","section":"Shading Mode"},"sceneLighting":true,"audioPlay":false,"sceneViewState":{"showFog":true,"showMaterialUpdate":false,"showSkybox":true,"showFlares":true,"showImageEffects":true,"showParticleSystems":true},"in2DMode":false,"pivot":{"x":-6.517383098602295,"y":2.843074083328247,"z":0.5270862579345703},"rotation":{"x":0.21865706145763398,"y":0.16736410558223725,"z":-0.0381026454269886,"w":0.9606126546859741},"size":1.0283176898956299,"orthographic":false}