{"cameraMode":{"drawMode":0,"name":"Shaded","section":"Shading Mode"},"sceneLighting":true,"audioPlay":false,"sceneViewState":{"showFog":true,"showMaterialUpdate":false,"showSkybox":true,"showFlares":true,"showImageEffects":true,"showParticleSystems":true},"in2DMode":false,"pivot":{"x":36.42087936401367,"y":-12.739435195922852,"z":18.73568344116211},"rotation":{"x":0.14137811958789826,"y":0.5171212553977966,"z":-0.08707546442747116,"w":0.8396815061569214},"size":26.858762741088868,"orthographic":false}