{"cameraMode":{"drawMode":0,"name":"Shaded","section":"Shading Mode"},"sceneLighting":true,"audioPlay":false,"sceneViewState":{"showFog":true,"showMaterialUpdate":false,"showSkybox":true,"showFlares":true,"showImageEffects":true,"showParticleSystems":true},"in2DMode":false,"pivot":{"x":-21.741485595703126,"y":70.21743774414063,"z":-228.32550048828126},"rotation":{"x":0.000909796915948391,"y":0.9917594790458679,"z":0.1280459612607956,"w":-0.006889673415571451},"size":115.56584930419922,"orthographic":false}