{"cameraMode":{"drawMode":0,"name":"Shaded","section":"Shading Mode"},"sceneLighting":true,"audioPlay":true,"sceneViewState":{"showFog":true,"showMaterialUpdate":false,"showSkybox":true,"showFlares":true,"showImageEffects":true,"showParticleSystems":true},"in2DMode":false,"pivot":{"x":62.5306396484375,"y":-10.157325744628907,"z":-40.35606384277344},"rotation":{"x":-0.08366920053958893,"y":-0.8292657732963562,"z":0.12916423380374909,"w":-0.5373809933662415},"size":81.76522064208985,"orthographic":false}