{"cameraMode":{"drawMode":0,"name":"Shaded","section":"Shading Mode"},"sceneLighting":true,"audioPlay":false,"sceneViewState":{"showFog":true,"showMaterialUpdate":false,"showSkybox":true,"showFlares":true,"showImageEffects":true,"showParticleSystems":true},"in2DMode":false,"pivot":{"x":-30.348920822143556,"y":12.692710876464844,"z":284.21466064453127},"rotation":{"x":0.07632961869239807,"y":0.04993491619825363,"z":-0.0038319556042551996,"w":0.9958274960517883},"size":191.14431762695313,"orthographic":false}