{"cameraMode":{"drawMode":0,"name":"Shaded","section":"Shading Mode"},"sceneLighting":true,"audioPlay":false,"sceneViewState":{"showFog":true,"showMaterialUpdate":false,"showSkybox":true,"showFlares":true,"showImageEffects":true,"showParticleSystems":true},"in2DMode":false,"pivot":{"x":-3.147575616836548,"y":7.006740570068359,"z":-4.457594394683838},"rotation":{"x":0.03896886110305786,"y":-0.032968923449516299,"z":0.0012864409945905209,"w":0.9986954927444458},"size":4.401916027069092,"orthographic":false}