{"cameraMode":{"drawMode":0,"name":"Shaded","section":"Shading Mode"},"sceneLighting":true,"audioPlay":false,"sceneViewState":{"showFog":false,"showMaterialUpdate":true,"showSkybox":true,"showFlares":true,"showImageEffects":true,"showParticleSystems":true},"in2DMode":false,"pivot":{"x":-159.9768829345703,"y":-843.6486206054688,"z":468.26177978515627},"rotation":{"x":0.49040019512176516,"y":-0.14170363545417787,"z":0.08121851086616516,"w":0.8561133146286011},"size":521.3192749023438,"orthographic":false}