{"cameraMode":{"drawMode":0,"name":"Shaded","section":"Shading Mode"},"sceneLighting":true,"audioPlay":false,"sceneViewState":{"showFog":true,"showMaterialUpdate":false,"showSkybox":true,"showFlares":true,"showImageEffects":true,"showParticleSystems":true},"in2DMode":false,"pivot":{"x":8.058131217956543,"y":-8.841507911682129,"z":6.276618003845215},"rotation":{"x":-0.37482085824012759,"y":-0.23339810967445374,"z":0.09799189865589142,"w":-0.8919346332550049},"size":16.133060455322267,"orthographic":false}