{"cameraMode":{"drawMode":0,"name":"Shaded","section":"Shading Mode"},"sceneLighting":true,"audioPlay":false,"sceneViewState":{"showFog":true,"showMaterialUpdate":false,"showSkybox":true,"showFlares":true,"showImageEffects":true,"showParticleSystems":true},"in2DMode":false,"pivot":{"x":8.303364753723145,"y":1.8334617614746094,"z":-3.411707878112793},"rotation":{"x":-0.3735351264476776,"y":-0.10651767998933792,"z":0.043215297162532809,"w":-0.9204782247543335},"size":6.490093231201172,"orthographic":false}