{"cameraMode":{"drawMode":0,"name":"Shaded","section":"Shading Mode"},"sceneLighting":true,"audioPlay":false,"sceneViewState":{"showFog":false,"showMaterialUpdate":true,"showSkybox":true,"showFlares":true,"showImageEffects":true,"showParticleSystems":true},"in2DMode":false,"pivot":{"x":-311.1879577636719,"y":66.75267791748047,"z":-275.1705017089844},"rotation":{"x":-0.008563162758946419,"y":-0.8749678134918213,"z":-0.015487943775951863,"w":0.4839631915092468},"size":254.06845092773438,"orthographic":false}