{"cameraMode":{"drawMode":0,"name":"Shaded","section":"Shading Mode"},"sceneLighting":false,"audioPlay":false,"sceneViewState":{"showFog":false,"showMaterialUpdate":true,"showSkybox":false,"showFlares":true,"showImageEffects":true,"showParticleSystems":true},"in2DMode":false,"pivot":{"x":-11.595589637756348,"y":-0.00037892162799835205,"z":-5.374884605407715},"rotation":{"x":-0.22668591141700746,"y":0.6900473833084106,"z":-0.243315652012825,"w":-0.6428655385971069},"size":5.3493733406066898,"orthographic":false}