{"cameraMode":{"drawMode":0,"name":"Shaded","section":"Shading Mode"},"sceneLighting":true,"audioPlay":false,"sceneViewState":{"showFog":true,"showMaterialUpdate":false,"showSkybox":true,"showFlares":true,"showImageEffects":true,"showParticleSystems":true},"in2DMode":false,"pivot":{"x":369.7602233886719,"y":-293.959228515625,"z":88.50261688232422},"rotation":{"x":-0.25769761204719546,"y":-0.5783514976501465,"z":0.19927939772605897,"w":-0.7479536533355713},"size":280.4699401855469,"orthographic":false}