{"cameraMode":{"drawMode":0,"name":"Shaded","section":"Shading Mode"},"sceneLighting":true,"audioPlay":false,"sceneViewState":{"showFog":true,"showMaterialUpdate":false,"showSkybox":true,"showFlares":true,"showImageEffects":true,"showParticleSystems":true},"in2DMode":false,"pivot":{"x":86.8025894165039,"y":-44.800594329833987,"z":-40.432228088378909},"rotation":{"x":0.14462999999523164,"y":0.8051472902297974,"z":-0.21893493831157685,"w":0.5318878293037415},"size":53.65468978881836,"orthographic":false}